REGISTERED DISTRICT,Registered PS
ETMADPUR ,HATHRAS 
CHHARRA ,ALIGARH 
ATRAULI ,ALIGARH 
BANNADEVI ,ALIGARH 
BANNADEVI ,ALIGARH 
BANNADEVI ,ALIGARH 
BANNADEVI ,ALIGARH 
BANNADEVI ,ALIGARH 
BANNADEVI ,ALIGARH 
BANNADEVI ,ALIGARH 
SASNI GATE ,ALIGARH 
SASNI GATE ,ALIGARH 
BANNADEVI ,RAMPUR 
CIVIL LINES ,ALLAHABAD 
CIVIL LINES ,ALLAHABAD 
CIVIL LINES ,ALLAHABAD 
CIVIL LINES ,ALLAHABAD 
CIVIL LINES ,ALLAHABAD 
CIVIL LINES ,ALLAHABAD 
HANDIA ,ALLAHABAD 
KARELI ,ALLAHABAD 
KHULDABAD ,ALLAHABAD 
KHULDABAD ,ALLAHABAD 
KHULDABAD ,ALLAHABAD 
KHULDABAD ,ALLAHABAD 
KHULDABAD ,ALLAHABAD 
KHULDABAD ,ALLAHABAD 
KHULDABAD ,ALLAHABAD 
KHULDABAD ,ALLAHABAD 
KHULDABAD ,ALLAHABAD 
NAWABGANJ ,ALLAHABAD 
SORAON ,ALLAHABAD 
DARAGANJ ,ALLAHABAD 
GEORGE TOWN ,ALLAHABAD 
CANTT ,MORADABAD 
CIVIL LINES ,KAUSHAMBI 
DHOOMANGANJ ,KAUSHAMBI 
TANDA ,AMBEDKAR NAGAR 
TANDA ,AMBEDKAR NAGAR 
ALIGANJ ,AMBEDKAR NAGAR 
ALIGANJ ,AMBEDKAR NAGAR 
ALIGANJ ,AMBEDKAR NAGAR 
ALIGANJ ,AMBEDKAR NAGAR 
SANGRAMPUR ,AMETHI 
BAZARSHUKUL ,AMETHI 
KAMRAULI ,AMETHI 
JAYAS ,AMETHI 
MUNSHIGANJ ,LUCKNOW 
NAUGAWAN SADAT ,HAPUR 
DIDOLI ,MORADABAD 
GAJRAULA ,AMROHA 
GAJRAULA ,AMROHA 
GAJRAULA ,AMROHA 
HASANPUR ,AMROHA 
NAUGAWAN SADAT ,AMROHA 
RAJABPUR ,AMROHA 
AMROHA DEHAT ,AMROHA 
AMROHA DEHAT ,AMROHA 
AMROHA DEHAT ,AMROHA 
AMROHA NAGAR ,AMROHA 
BACHHRAUN ,AMROHA 
AMROHA DEHAT ,GAUTAM BUDH NAGAR 
AJITMAL ,AURAIYA 
AURAIYA ,AURAIYA 
BELA ,AURAIYA 
BELA ,AURAIYA 
BIDHUNA ,AURAIYA 
SIDHARI ,AZAMGARH 
SIDHARI ,AZAMGARH 
SIDHARI ,AZAMGARH 
SIDHARI ,AZAMGARH 
KAPTANGANJ ,AZAMGARH 
ATRAULIA ,AZAMGARH 
JEANPUR ,AZAMGARH 
JEANPUR ,AZAMGARH 
JEANPUR ,AZAMGARH 
JAHANAGANJ ,GHAZIPUR 
JEANPUR ,MAU 
JEANPUR ,GORAKHPUR 
KAPTANGANJ ,AMBEDKAR NAGAR 
BISAULI ,BADAUN 
BISAULI ,BADAUN 
ISLAM NAGAR ,BADAUN 
KOTWALI ,BADAUN 
UJHANI ,FIROZABAD 
BAGHPAT ,BAGHPAT 
CHHAPRAULI ,BAGHPAT 
GRP BALLIYA ,JAUNPUR 
GRP BALLIYA ,JAUNPUR 
GRP BALLIYA ,JAUNPUR 
GRP BALLIYA ,KANPUR CITY 
GRP BALLIYA ,KANPUR CITY 
GRP BALLIYA ,BALLIA 
GRP BALLIYA ,BALLIA 
GRP BALLIYA ,BALLIA 
BANSDEEH ,BALLIA 
BAIRIA ,BALLIA 
BAIRIA ,BALLIA 
BAIRIA ,BALLIA 
DUBHAR ,BALLIA 
DUBHAR ,BALLIA 
GRP BALLIYA ,GHAZIPUR 
GRP BALLIYA ,GHAZIPUR 
PAKARI ,BALLIA 
RASRA ,BALLIA 
SAHATWAR ,BALLIA 
GRP BALLIYA ,GHAZIPUR 
UBHAON ,BALLIA 
GRP BALLIYA ,FAIZABAD 
GRP BALLIYA ,FAIZABAD 
GRP BALLIYA ,ALLAHABAD 
GRP BALLIYA ,ALLAHABAD 
GRP BALLIYA ,ALLAHABAD 
GRP BALLIYA ,ALLAHABAD 
GRP BALLIYA ,BARABANKI 
GRP BALLIYA ,MORADABAD 
GRP BALLIYA ,MORADABAD 
GRP BALLIYA ,MAU 
GRP BALLIYA ,MAU 
GRP BALLIYA ,VARANASI 
GRP BALLIYA ,VARANASI 
GRP BALLIYA ,VARANASI 
GRP BALLIYA ,VARANASI 
GRP BALLIYA ,VARANASI 
GRP BALLIYA ,VARANASI 
GRP BALLIYA ,VARANASI 
GRP BALLIYA ,VARANASI 
GRP BALLIYA ,AMBEDKAR NAGAR 
GRP BALLIYA ,AMBEDKAR NAGAR 
GRP BALLIYA ,AMBEDKAR NAGAR 
GIRWAN ,BANDA 
BABERU ,BALRAMPUR 
SAFDARGANJ ,BARABANKI 
CANTT ,AGRA 
SUBHASH NAGAR ,BALLIA 
BAHERHI ,BAREILLY 
IZAT NAGAR ,BAREILLY 
IZAT NAGAR ,BAREILLY 
SUBHASH NAGAR ,BAREILLY 
KAPTANGANJ ,BASTI 
RUDHAULI ,BASTI 
KOTWALI ,AMBEDKAR NAGAR 
CHAURI ,JAUNPUR 
CHAURI ,JAUNPUR 
KOIRAUNA ,ALLAHABAD 
KOIRAUNA ,ALLAHABAD 
KOIRAUNA ,MIRZAPUR 
CHAURI ,VARANASI 
AURAI ,BHADOHI 
BHADOHI ,BHADOHI 
GOPIGANJ ,BHADOHI 
GOPIGANJ ,BHADOHI 
GOPIGANJ ,BHADOHI 
KOIRAUNA ,BHADOHI 
KOIRAUNA ,BHADOHI 
UNJ ,BHADOHI 
AFZALGARH ,BIJNOR 
DHAMPUR ,BIJNOR 
DHAMPUR ,BIJNOR 
SHIKARPUR ,BULANDSHAHAR 
GULAOTHI ,HAPUR 
ALI NAGAR ,ALLAHABAD 
CHAKIYA ,MIRZAPUR 
CHAKIYA ,MIRZAPUR 
SAKALDEEHA ,VARANASI 
SYED RAZA ,VARANASI 
ELIYA ,VARANASI 
KANDAWA ,VARANASI 
ALI NAGAR ,VARANASI 
ALI NAGAR ,VARANASI 
ALI NAGAR ,VARANASI 
CHANDAULI ,VARANASI 
CHANDAULI ,VARANASI 
CHANDAULI ,VARANASI 
CHANDAULI ,VARANASI 
CHANDAULI ,VARANASI 
DHINA ,VARANASI 
MUGHAL SARAI ,VARANASI 
ALI NAGAR ,CHANDAULI 
BABURI ,CHANDAULI 
CHANDAULI ,CHANDAULI 
CHANDAULI ,CHANDAULI 
DHINA ,CHANDAULI 
DHINA ,CHANDAULI 
DHINA ,CHANDAULI 
MANIKPUR ,BANDA 
PAHARI ,CHITRAKOOT 
KARVI KOTWALI NAGAR ,CHITRAKOOT 
PAHARI ,CHITRAKOOT 
PAHARI ,CHITRAKOOT 
GRP DEORIA ,BASTI 
GRP DEORIA ,BASTI 
GRP BHATNI ,BASTI 
GRP DEORIA ,GONDA 
GRP DEORIA ,GONDA 
RUDRAPUR ,DEORIA 
RUDRAPUR ,DEORIA 
RUDRAPUR ,DEORIA 
RUDRAPUR ,DEORIA 
GRP DEORIA ,DEORIA 
GRP DEORIA ,DEORIA 
GRP DEORIA ,KANPUR CITY 
GRP DEORIA ,JHANSI 
GRP DEORIA ,MIRZAPUR 
GRP BHATNI ,VARANASI 
GRP DEORIA ,MAU 
GRP DEORIA ,MAU 
GRP DEORIA ,MAU 
GRP DEORIA ,MAU 
GRP DEORIA ,MAU 
GRP DEORIA ,MAU 
GRP BHATNI ,MAU 
GRP DEORIA ,GORAKHPUR 
GRP DEORIA ,GORAKHPUR 
GRP DEORIA ,GORAKHPUR 
GRP DEORIA ,GORAKHPUR 
GRP DEORIA ,GORAKHPUR 
GRP DEORIA ,GORAKHPUR 
GRP BHATNI ,GORAKHPUR 
GRP BHATNI ,GORAKHPUR 
GRP BHATNI ,GORAKHPUR 
GRP DEORIA ,SANT KABEER NAGAR 
GRP BHATNI ,FIROZABAD 
GRP BHATNI ,LUCKNOW 
GRP BHATNI ,LUCKNOW 
MARHARA ,ETAH 
JALESAR ,ETAH 
JALESAR ,AGRA 
KOTWALI ,AGRA 
MARHARA ,AGRA 
MARHARA ,ALIGARH 
PILUA ,ALIGARH 
NAYAGAON ,FATEHGARH 
ALIGANJ ,FATEHGARH 
PILUA ,BARABANKI 
AWAGARH ,KANPUR DEHAT 
JALESAR ,HATHRAS 
MARHARA ,HATHRAS 
MARHARA ,HATHRAS 
PILUA ,KASGANJ 
ALIGANJ ,KASGANJ 
SAKEET ,AURAIYA 
CIVIL LINES ,FATEHGARH 
BASREHAR ,ETAWAH 
BALRAI ,ETAWAH 
KOTWALI ,ETAWAH 
KOTWALI ,ETAWAH 
KOTWALI ,ETAWAH 
SEFAI ,FIROZABAD 
KUMARGANJ ,PRATAPGARH 
KOTWALI BIKAPUR ,PRATAPGARH 
HAIDERGANJ ,FAIZABAD 
KOTWALI NAGAR ,FAIZABAD 
KOTWALI NAGAR ,FAIZABAD 
KOTWALI NAGAR ,FAIZABAD 
RAUNAHI ,FAIZABAD 
RAUNAHI ,FAIZABAD 
RAUNAHI ,FAIZABAD 
RAUNAHI ,FAIZABAD 
RAMJANAM BHUMI ,FAIZABAD 
MAWAI ,BARABANKI 
INAYATNAGAR ,GORAKHPUR 
CANTT ,MAHRAJGANJ 
HAIDERGANJ ,SULTANPUR 
KOTWALI NAGAR ,FIROZABAD 
GOSAINGANJ ,AMBEDKAR NAGAR 
TARUN ,AMBEDKAR NAGAR 
KHANDASA ,AMETHI 
TARUN ,AMETHI 
MAWAI ,LUCKNOW 
KOTWALI RUDAULI ,LUCKNOW 
AMRITPUR ,HARDOI 
FATEHGARH KOTWALI ,KANPUR CITY 
MOHMADABAD ,KANPUR CITY 
GRP FARRUKHABAD ,KANPUR CITY 
GRP FARRUKHABAD ,KANPUR CITY 
GRP FARRUKHABAD ,KANPUR CITY 
NAWABGANJ ,MAINPURI 
MOHMADABAD ,GHAZIABAD 
NAWABGANJ ,GHAZIABAD 
KAYAMGANJ ,FATEHGARH 
KAYAMGANJ ,FATEHGARH 
KAYAMGANJ ,FATEHGARH 
KAMALGANJ ,FATEHGARH 
KAMALGANJ ,FATEHGARH 
KAMALGANJ ,FATEHGARH 
MAUDARWAZA ,FATEHGARH 
MAUDARWAZA ,FATEHGARH 
MAUDARWAZA ,FATEHGARH 
MAUDARWAZA ,FATEHGARH 
MAUDARWAZA ,FATEHGARH 
MAUDARWAZA ,FATEHGARH 
MAUDARWAZA ,FATEHGARH 
MAUDARWAZA ,FATEHGARH 
MAUDARWAZA ,FATEHGARH 
MAUDARWAZA ,FATEHGARH 
MAUDARWAZA ,FATEHGARH 
FATEHGARH KOTWALI ,BAREILLY 
RAJEPUR ,BAREILLY 
MOHMADABAD ,FATEHGARH 
NAWABGANJ ,FATEHGARH 
NAWABGANJ ,FATEHGARH 
NAWABGANJ ,FATEHGARH 
NAWABGANJ ,FATEHGARH 
RAJEPUR ,FATEHGARH 
SAMSABAD ,FATEHGARH 
KAMALGANJ ,KANNAUJ 
MOHMADABAD ,KANNAUJ 
MOHMADABAD ,KANNAUJ 
NAWABGANJ ,KANNAUJ 
GAZIPUR ,KANPUR CITY 
BAKEWAR ,FATEHPUR 
BINDKI ,FATEHPUR 
CHANDPUR ,FATEHPUR 
GAZIPUR ,FATEHPUR 
ZAFARGANJ ,FATEHPUR 
THARIAON ,FATEHPUR 
DADRI ,GHAZIABAD 
DADRI ,GHAZIABAD 
NOIDA SECTOR-24 ,MORADABAD 
NOIDA SECTOR-49 ,GAUTAM BUDH NAGAR 
NOIDA PHASE-II ,GAUTAM BUDH NAGAR 
NOIDA PHASE-II ,GAUTAM BUDH NAGAR 
NOIDA PHASE-II ,GAUTAM BUDH NAGAR 
NOIDA PHASE-II ,GAUTAM BUDH NAGAR 
NOIDA PHASE-II ,GAUTAM BUDH NAGAR 
NOIDA PHASE-II ,GAUTAM BUDH NAGAR 
BISRAKH ,GAUTAM BUDH NAGAR 
DADRI ,GAUTAM BUDH NAGAR 
JARCHA ,GAUTAM BUDH NAGAR 
NOIDA SECTOR-20 ,GAUTAM BUDH NAGAR 
NOIDA SECTOR-39 ,GAUTAM BUDH NAGAR 
NIWARI ,GHAZIABAD 
NIWARI ,GHAZIABAD 
NIWARI ,GHAZIABAD 
NIWARI ,GHAZIABAD 
MASURI ,GHAZIABAD 
MASURI ,GHAZIABAD 
MURAD NAGAR ,GHAZIABAD 
MURAD NAGAR ,GHAZIABAD 
MURAD NAGAR ,GHAZIABAD 
GHAZIABAD KOTWALI ,GHAZIABAD 
GHAZIABAD KOTWALI ,GHAZIABAD 
GHAZIABAD KOTWALI ,GHAZIABAD 
BHOJPUR ,MEERUT 
BHOJPUR ,MEERUT 
GHAZIABAD KOTWALI ,GHAZIABAD 
GHAZIABAD KOTWALI ,GHAZIABAD 
GHAZIABAD KOTWALI ,GHAZIABAD 
GHAZIABAD KOTWALI ,GHAZIABAD 
GHAZIABAD KOTWALI ,GHAZIABAD 
GHAZIABAD KOTWALI ,GHAZIABAD 
GHAZIABAD KOTWALI ,GHAZIABAD 
GHAZIABAD KOTWALI ,GHAZIABAD 
GHAZIABAD KOTWALI ,GHAZIABAD 
INDRAPURAM ,GHAZIABAD 
INDRAPURAM ,GHAZIABAD 
INDRAPURAM ,GHAZIABAD 
INDRAPURAM ,GHAZIABAD 
INDRAPURAM ,GHAZIABAD 
INDRAPURAM ,GHAZIABAD 
INDRAPURAM ,GHAZIABAD 
INDRAPURAM ,GHAZIABAD 
INDRAPURAM ,GHAZIABAD 
INDRAPURAM ,GHAZIABAD 
INDRAPURAM ,GHAZIABAD 
INDRAPURAM ,GHAZIABAD 
INDRAPURAM ,GHAZIABAD 
INDRAPURAM ,GHAZIABAD 
INDRAPURAM ,GHAZIABAD 
INDRAPURAM ,GHAZIABAD 
INDRAPURAM ,GHAZIABAD 
INDRAPURAM ,GHAZIABAD 
INDRAPURAM ,GHAZIABAD 
INDRAPURAM ,GHAZIABAD 
INDRAPURAM ,GHAZIABAD 
INDRAPURAM ,GHAZIABAD 
INDRAPURAM ,GHAZIABAD 
INDRAPURAM ,GHAZIABAD 
INDRAPURAM ,GHAZIABAD 
INDRAPURAM ,GHAZIABAD 
INDRAPURAM ,GHAZIABAD 
INDRAPURAM ,GHAZIABAD 
INDRAPURAM ,GHAZIABAD 
INDRAPURAM ,GHAZIABAD 
INDRAPURAM ,GHAZIABAD 
INDRAPURAM ,GHAZIABAD 
INDRAPURAM ,GHAZIABAD 
INDRAPURAM ,GHAZIABAD 
KAVI NAGAR ,GHAZIABAD 
KAVI NAGAR ,GHAZIABAD 
KAVI NAGAR ,GHAZIABAD 
LINK ROAD ,GHAZIABAD 
LINK ROAD ,GHAZIABAD 
LINK ROAD ,GHAZIABAD 
LONI ,GHAZIABAD 
LONI ,GHAZIABAD 
LONI ,GHAZIABAD 
LONI ,GHAZIABAD 
LONI ,GHAZIABAD 
LONI ,GHAZIABAD 
LONI ,GHAZIABAD 
GRP GHAZIABAD ,SHAHJAHANPUR 
LONI ,GHAZIABAD 
LONI ,GHAZIABAD 
LONI ,GHAZIABAD 
LONI ,GHAZIABAD 
LONI ,GHAZIABAD 
MODI NAGAR ,GHAZIABAD 
MODI NAGAR ,GHAZIABAD 
MODI NAGAR ,GHAZIABAD 
BHOJPUR ,GHAZIABAD 
SAHIBABAD ,GHAZIABAD 
SAHIBABAD ,GHAZIABAD 
SAHIBABAD ,GHAZIABAD 
SAHIBABAD ,GHAZIABAD 
SAHIBABAD ,GHAZIABAD 
SAHIBABAD ,GHAZIABAD 
SAHIBABAD ,GHAZIABAD 
SAHIBABAD ,GHAZIABAD 
SAHIBABAD ,GHAZIABAD 
SAHIBABAD ,GHAZIABAD 
SAHIBABAD ,GHAZIABAD 
SAHIBABAD ,GHAZIABAD 
SAHIBABAD ,GHAZIABAD 
SAHIBABAD ,GHAZIABAD 
SAHIBABAD ,GHAZIABAD 
SAHIBABAD ,GHAZIABAD 
SAHIBABAD ,GHAZIABAD 
SAHIBABAD ,GHAZIABAD 
SAHIBABAD ,GHAZIABAD 
SAHIBABAD ,GHAZIABAD 
SAHIBABAD ,GHAZIABAD 
SAHIBABAD ,GHAZIABAD 
SAHIBABAD ,GHAZIABAD 
SIHANI GATE ,GHAZIABAD 
SIHANI GATE ,GHAZIABAD 
SIHANI GATE ,GHAZIABAD 
SIHANI GATE ,GHAZIABAD 
SIHANI GATE ,GHAZIABAD 
SIHANI GATE ,GHAZIABAD 
SIHANI GATE ,GHAZIABAD 
SIHANI GATE ,GHAZIABAD 
VIJAY NAGAR ,GHAZIABAD 
VIJAY NAGAR ,GHAZIABAD 
INDRAPURAM ,GAUTAM BUDH NAGAR 
GRP GHAZIABAD ,LUCKNOW 
DILDAR NAGAR ,AGRA 
DILDAR NAGAR ,AGRA 
BIRNO ,GHAZIPUR 
BAHARIYA BAD ,GHAZIPUR 
GRP GHAZIPUR ,GHAZIABAD 
DULLAHPUR ,BALLIA 
MOHAMMADABAD ,GHAZIPUR 
SADAT ,GHAZIPUR 
SADAT ,GHAZIPUR 
SAIDPUR ,GHAZIPUR 
KHANPUR ,VARANASI 
KHANPUR ,VARANASI 
DULLAHPUR ,MAU 
DULLAHPUR ,MAU 
DULLAHPUR ,VARANASI 
GRP GONDA ,JHANSI 
KOTWALI DEHAT ,GONDA 
GRP GONDA ,SITAPUR 
GRP GONDA ,GORAKHPUR 
GRP GONDA ,MORADABAD 
MANKAPUR ,VARANASI 
GRP GONDA ,MAHRAJGANJ 
GRP GONDA ,LUCKNOW 
GRP GORAKHPUR ,BASTI 
GRP GORAKHPUR ,BASTI 
GRP GORAKHPUR ,BASTI 
GRP GORAKHPUR ,BASTI 
GRP GORAKHPUR ,GONDA 
GRP GORAKHPUR ,GONDA 
GRP GORAKHPUR ,GONDA 
GRP GORAKHPUR ,GONDA 
GRP GORAKHPUR ,GONDA 
GRP GORAKHPUR ,GONDA 
GRP GORAKHPUR ,GONDA 
GRP GORAKHPUR ,GONDA 
GRP GORAKHPUR ,GONDA 
GRP GORAKHPUR ,GONDA 
GRP GORAKHPUR ,GONDA 
GRP GORAKHPUR ,BASTI 
GRP GORAKHPUR ,GONDA 
GRP GORAKHPUR ,GONDA 
GRP GORAKHPUR ,GONDA 
GRP GORAKHPUR ,DEORIA 
GRP GORAKHPUR ,DEORIA 
GRP GORAKHPUR ,DEORIA 
GRP GORAKHPUR ,DEORIA 
GRP GORAKHPUR ,DEORIA 
GRP GORAKHPUR ,DEORIA 
GRP GORAKHPUR ,DEORIA 
GRP GORAKHPUR ,DEORIA 
GRP GORAKHPUR ,DEORIA 
GRP GORAKHPUR ,JHANSI 
GRP GORAKHPUR ,KANPUR CITY 
GRP GORAKHPUR ,KANPUR CITY 
GRP GORAKHPUR ,KANPUR CITY 
GRP GORAKHPUR ,KANPUR CITY 
GRP GORAKHPUR ,KANPUR CITY 
GRP GORAKHPUR ,KANPUR CITY 
GRP GORAKHPUR ,KANPUR CITY 
GRP GORAKHPUR ,KANPUR CITY 
GRP GORAKHPUR ,GHAZIABAD 
GRP GORAKHPUR ,GHAZIABAD 
GRP GORAKHPUR ,BALLIA 
GRP GORAKHPUR ,BARABANKI 
GRP GORAKHPUR ,ALLAHABAD 
GRP GORAKHPUR ,FATEHGARH 
GRP GORAKHPUR ,GONDA 
GRP GORAKHPUR ,SHAHJAHANPUR 
GRP GORAKHPUR ,GORAKHPUR 
GRP GORAKHPUR ,SAHARANPUR 
BELIPAR ,GORAKHPUR 
CHILUWATAL ,GORAKHPUR 
CHILUWATAL ,GORAKHPUR 
CHILUWATAL ,GORAKHPUR 
GULRIHA ,GORAKHPUR 
KHORABAR ,GORAKHPUR 
KHORABAR ,GORAKHPUR 
KOTWALI ,GORAKHPUR 
SIKARIGANJ ,GORAKHPUR 
GRP GORAKHPUR ,BAREILLY 
GRP GORAKHPUR ,VARANASI 
GRP GORAKHPUR ,VARANASI 
GRP GORAKHPUR ,MAU 
GRP GORAKHPUR ,VARANASI 
CANTT ,MAU 
GRP GORAKHPUR ,MAU 
GRP GORAKHPUR ,MAU 
GRP GORAKHPUR ,MAU 
GRP GORAKHPUR ,MAHRAJGANJ 
GRP GORAKHPUR ,LUCKNOW 
GRP GORAKHPUR ,LUCKNOW 
GRP GORAKHPUR ,LUCKNOW 
GRP GORAKHPUR ,LUCKNOW 
GRP GORAKHPUR ,LUCKNOW 
GRP GORAKHPUR ,LUCKNOW 
GRP GORAKHPUR ,LUCKNOW 
GRP GORAKHPUR ,LUCKNOW 
GRP GORAKHPUR ,LUCKNOW 
GRP GORAKHPUR ,LUCKNOW 
GRP GORAKHPUR ,LUCKNOW 
GRP GORAKHPUR ,LUCKNOW 
GRP GORAKHPUR ,LUCKNOW 
GRP GORAKHPUR ,KUSHI NAGAR 
KOTWALI NAGAR ,HAMIRPUR 
MUSKARA ,HAMIRPUR 
KURARA ,KANPUR DEHAT 
MUSKARA ,MAHOBA 
RATH ,MAHOBA 
HAPURNAGAR ,MEERUT 
HAPURNAGAR ,MEERUT 
PILKHUWA ,GHAZIABAD 
HAPURNAGAR ,HAPUR 
HAPURNAGAR ,HAPUR 
HAPURNAGAR ,HAPUR 
BABUGARH ,HAPUR 
HAPURNAGAR ,LUCKNOW 
HAPURNAGAR ,LUCKNOW 
KOTWALI CITY ,HARDOI 
KOTWALI CITY ,HARDOI 
MANJHILA ,HARDOI 
SURSA ,HARDOI 
SURSA ,HARDOI 
SURSA ,UNNAO 
MURSAN ,HATHRAS 
SIKANDRA RAO ,HATHRAS 
HATHRAS KOTWALI ,HATHRAS 
KOTWALI KALPI ,JALAUN 
KOTWALI KALPI ,JALAUN 
KOTWALI KALPI ,JALAUN 
KOTWALI KALPI ,JALAUN 
KOTWALI KALPI ,JALAUN 
KOTWALI ORAI ,JALAUN 
KOTWALI ORAI ,JALAUN 
KUTHAUND ,JALAUN 
SIRSA KALAR ,JALAUN 
KOTWALI ORAI ,JHANSI 
KUTHAUND ,KANPUR CITY 
KADAURA ,KANPUR DEHAT 
GRP JAUNPUR ,AZAMGARH 
BADLAPUR ,JAUNPUR 
LINE BAZAR ,JAUNPUR 
SUJANGANJ ,JAUNPUR 
SUJANGANJ ,JAUNPUR 
ZAFRABAD ,JAUNPUR 
SIGRAMAU ,PRATAPGARH 
GRP JAUNPUR ,GHAZIPUR 
GRP JAUNPUR ,FAIZABAD 
GRP JAUNPUR ,FAIZABAD 
GRP JAUNPUR ,FAIZABAD 
GRP JAUNPUR ,FAIZABAD 
GRP JAUNPUR ,ALLAHABAD 
GRP JAUNPUR ,VARANASI 
KERAKAT ,VARANASI 
RAMPUR ,VARANASI 
GAURA BADSHAHPUR ,VARANASI 
GRP JAUNPUR ,VARANASI 
GRP JAUNPUR ,GHAZIABAD 
BADLAPUR ,SULTANPUR 
GRP JAUNPUR ,SULTANPUR 
GRP JAUNPUR ,SULTANPUR 
GRP JAUNPUR ,SULTANPUR 
GRP JAUNPUR ,AMBEDKAR NAGAR 
GRP JAUNPUR ,AMBEDKAR NAGAR 
GRP JAUNPUR ,AMBEDKAR NAGAR 
GRP JAUNPUR ,AMBEDKAR NAGAR 
GRP JAUNPUR ,AMBEDKAR NAGAR 
GRP JAUNPUR ,LUCKNOW 
BADLAPUR ,LUCKNOW 
GRP JAUNPUR ,CHANDAULI 
GRP JHANSI ,AGRA 
GRP JHANSI ,AGRA 
GRP JHANSI ,AGRA 
GRP JHANSI ,AGRA 
GRP JHANSI ,AGRA 
GRP JHANSI ,AGRA 
GRP JHANSI ,JALAUN 
GRP JHANSI ,AGRA 
GRP JHANSI ,AGRA 
MAURANIPUR ,JHANSI 
MOTH ,JHANSI 
PREM NAGAR ,JHANSI 
PREM NAGAR ,JHANSI 
TODI FATEHPUR ,JHANSI 
TODI FATEHPUR ,JHANSI 
BABINA ,JHANSI 
GRP JHANSI ,KANPUR CITY 
GRP JHANSI ,LALITPUR 
GRP JHANSI ,LALITPUR 
GRP JHANSI ,LALITPUR 
GRP JHANSI ,LALITPUR 
GRP JHANSI ,LALITPUR 
GRP JHANSI ,LALITPUR 
GRP JHANSI ,LALITPUR 
GRP JHANSI ,LALITPUR 
GRP JHANSI ,MATHURA 
THATHIA ,KANNAUJ 
MAHILA THANA ,HARDOI 
KOTWALI ,HARDOI 
KIDWAI NAGAR ,MAINPURI 
CHAKERI ,FATEHPUR 
MAHARAJPUR ,FATEHPUR 
CHAKERI ,UNNAO 
CHAKERI ,UNNAO 
RAIPURWA ,UNNAO 
RAIPURWA ,UNNAO 
SAJETI ,UNNAO 
KOTWALI ,KANPUR CITY 
KOTWALI ,KANPUR CITY 
KOTWALI ,KANPUR CITY 
KOTWALI ,KANPUR CITY 
KOTWALI ,KANPUR CITY 
KOTWALI ,KANPUR CITY 
KOTWALI ,KANPUR CITY 
KOTWALI ,KANPUR CITY 
KOTWALI ,KANPUR CITY 
KOTWALI ,KANPUR CITY 
KAKADEV ,KANPUR CITY 
KIDWAI NAGAR ,KANPUR CITY 
KIDWAI NAGAR ,KANPUR CITY 
KIDWAI NAGAR ,KANPUR CITY 
KOHNA ,KANPUR CITY 
MAHILA THANA ,KANPUR CITY 
NAUBASTA ,KANPUR CITY 
NAUBASTA ,KANPUR CITY 
CHAMAN GANJ ,BALLIA 
NAUBASTA ,BANDA 
NAUBASTA ,KANPUR CITY 
NAUBASTA ,KANPUR CITY 
NAUBASTA ,KANPUR CITY 
NAZIRABAD ,KANPUR CITY 
NAZIRABAD ,KANPUR CITY 
NAZIRABAD ,KANPUR CITY 
NAZIRABAD ,KANPUR CITY 
NAWABGANJ ,KANPUR CITY 
PANKI ,KANPUR CITY 
PANKI ,KANPUR CITY 
RAIPURWA ,KANPUR CITY 
SHIVRAJPUR ,KANPUR CITY 
SISAMAU ,KANPUR CITY 
GWALTOLI ,KANPUR CITY 
GWALTOLI ,KANPUR CITY 
GWALTOLI ,KANPUR CITY 
GWALTOLI ,KANPUR CITY 
ARMAPUR ,KANPUR CITY 
BADSHAHI NAKA ,KANPUR CITY 
BABUPURWA ,KANPUR CITY 
BARRA ,KANPUR CITY 
BIDHNOO ,KANPUR CITY 
BEKAN GANJ ,KANPUR CITY 
BEKAN GANJ ,KANPUR CITY 
CANTT ,KANPUR CITY 
COLLECTORGANJ ,KANPUR CITY 
COLLECTORGANJ ,KANPUR CITY 
COLLECTORGANJ ,KANPUR CITY 
COLONOL GANJ ,KANPUR CITY 
CHAKERI ,KANPUR CITY 
CHAKERI ,KANPUR CITY 
FEELKHANA ,KANPUR CITY 
FEELKHANA ,KANPUR CITY 
GHATAMPUR ,KANPUR CITY 
GHATAMPUR ,KANPUR CITY 
GOVIND NAGAR ,KANPUR CITY 
GOVIND NAGAR ,KANPUR CITY 
GOVIND NAGAR ,KANPUR CITY 
GOVIND NAGAR ,KANPUR CITY 
GOVIND NAGAR ,KANPUR CITY 
JUHI ,KANPUR CITY 
SISAMAU ,FATEHGARH 
KOTWALI ,KANPUR CITY 
KOTWALI ,KANPUR CITY 
KOTWALI ,KANPUR CITY 
KOTWALI ,KANPUR CITY 
KOTWALI ,KANPUR CITY 
KOTWALI ,KANPUR CITY 
KOTWALI ,KANPUR CITY 
CHAKERI ,GONDA 
KOTWALI ,KANPUR CITY 
BILHAUR ,ETAWAH 
CHAKERI ,ETAWAH 
KOHNA ,ETAWAH 
CHAUBEPUR ,KANPUR DEHAT 
GOVIND NAGAR ,KANPUR DEHAT 
KOTWALI ,MAU 
SISAMAU ,GHAZIABAD 
KOTWALI ,KAUSHAMBI 
GWALTOLI ,GAUTAM BUDH NAGAR 
MOOL GANJ ,AURAIYA 
GOVIND NAGAR ,LUCKNOW 
BARRA ,LUCKNOW 
CANTT ,LUCKNOW 
KIDWAI NAGAR ,LUCKNOW 
NAUBASTA ,LUCKNOW 
SWAROP NAGAR ,LUCKNOW 
HARBANS MOHAL ,MAHOBA 
AKBARPUR ,JHANSI 
AKBARPUR ,JHANSI 
AMRAHAT (GOHANI) ,KANPUR CITY 
AKBARPUR ,KANPUR CITY 
AKBARPUR ,KANPUR CITY 
GAJNER ,KANPUR CITY 
GAJNER ,KANPUR CITY 
RASULABAD ,KANPUR CITY 
SHIVLI ,KANPUR CITY 
AKBARPUR ,MAINPURI 
AKBARPUR ,ETAWAH 
MOOSA NAGAR ,ETAWAH 
MAHILA THANA ,KANPUR DEHAT 
AKBARPUR ,AURAIYA 
AKBARPUR ,LUCKNOW 
PATIALI ,ETAH 
SORON ,ALIGARH 
PATIALI ,ETAWAH 
KASGANJ ,KASGANJ 
KASGANJ ,KASGANJ 
PATIALI ,KASGANJ 
SAHAWAR ,KASGANJ 
SORON ,KASGANJ 
PATIALI ,GAUTAM BUDH NAGAR 
PURAMUFTI ,ALLAHABAD 
KARARI ,KAUSHAMBI 
GRP LALITPUR ,JHANSI 
TALBEHAT ,JHANSI 
GRP LALITPUR ,LALITPUR 
GRP LALITPUR ,LALITPUR 
GRP LALITPUR ,LALITPUR 
PALI ,LALITPUR 
POORAKALAN ,LALITPUR 
TALBEHAT ,KANPUR DEHAT 
MOHANLALGANJ ,RAE BARELI 
QAISER BAGH ,KANPUR CITY 
MOHANLALGANJ ,UNNAO 
GAZIPUR ,KANPUR CITY 
GOSAINGANJ ,BARABANKI 
VIBHUTI KHAND ,BARABANKI 
VIBHUTI KHAND ,FATEHGARH 
GOMTINAGAR ,GORAKHPUR 
GAZIPUR ,SITAPUR 
ALIGANJ ,SIDDHARTH NAGAR 
GAZIPUR ,VARANASI 
VIBHUTI KHAND ,KANPUR DEHAT 
GOMTINAGAR ,MAU 
P.G.I. ,BALRAMPUR 
GAZIPUR ,SULTANPUR 
GOMTINAGAR ,LUCKNOW 
GOMTINAGAR ,LUCKNOW 
GOMTINAGAR ,LUCKNOW 
GOMTINAGAR ,LUCKNOW 
GOMTINAGAR ,LUCKNOW 
GOMTINAGAR ,LUCKNOW 
GOMTINAGAR ,LUCKNOW 
GOMTINAGAR ,LUCKNOW 
GOMTINAGAR ,LUCKNOW 
GOMTINAGAR ,LUCKNOW 
GOMTINAGAR ,LUCKNOW 
GOMTINAGAR ,LUCKNOW 
GOMTINAGAR ,LUCKNOW 
